{
	"IcoMoonType": "selection",
	"icons": [
		{
			"icon": {
				"paths": [
					"M768 640v-128h-320v-128h320v-128l192 192zM704 576v256h-320v192l-384-192v-832h704v320h-64v-256h-512l256 128v576h256v-192z"
				],
				"attrs": [
					{
						"visibility": false
					}
				],
				"tags": [
					"exit",
					"sign out",
					"log out",
					"quit",
					"close",
					"logout"
				],
				"grid": 16
			},
			"attrs": [
				{
					"visibility": false
				}
			],
			"properties": {
				"order": 16,
				"id": 5,
				"prevSize": 32,
				"code": 58885,
				"name": "exit"
			},
			"setIdx": 0,
			"iconIdx": 0
		},
		{
			"icon": {
				"paths": [
					"M384 832h640v128h-640zM384 448h640v128h-640zM384 64h640v128h-640zM192 0v256h-64v-192h-64v-64zM128 526v50h128v64h-192v-146l128-60v-50h-128v-64h192v146zM256 704v320h-192v-64h128v-64h-128v-64h128v-64h-128v-64z"
				],
				"attrs": [
					{
						"visibility": false
					}
				],
				"tags": [
					"numbered-list",
					"list",
					"items",
					"nl"
				],
				"grid": 16
			},
			"attrs": [
				{
					"visibility": false
				}
			],
			"properties": {
				"order": 10,
				"id": 4,
				"prevSize": 32,
				"name": "numbered-list",
				"code": 58880
			},
			"setIdx": 0,
			"iconIdx": 1
		},
		{
			"icon": {
				"paths": [
					"M704 0h-384l-192 128v256h768v-256l-192-128zM640 320h-64v-42.666c0-11.734-9.6-21.334-21.334-21.334h-85.332c-11.732 0-21.334 9.6-21.334 21.334v42.666h-64v-106.666c0-11.734 9.602-21.334 21.334-21.334h213.33c11.734 0 21.336 9.6 21.336 21.334v106.666zM128 704.002h768v-256.002h-768v256.002zM384 533.332c0-11.734 9.602-21.332 21.334-21.332h213.33c11.734 0 21.336 9.598 21.336 21.332v106.668h-64v-42.668c0-11.734-9.6-21.332-21.334-21.332h-85.332c-11.732 0-21.334 9.598-21.334 21.332v42.668h-64v-106.668zM128 1024h768v-255.998h-768v255.998zM384 853.332c0-11.734 9.602-21.332 21.334-21.332h213.33c11.734 0 21.336 9.598 21.336 21.332v106.668h-64v-42.668c0-11.734-9.6-21.332-21.334-21.332h-85.332c-11.732 0-21.334 9.598-21.334 21.332v42.668h-64v-106.668z"
				],
				"attrs": [
					{
						"visibility": false
					}
				],
				"tags": [
					"cabinet",
					"storage",
					"drawer",
					"archive",
					"office"
				],
				"grid": 16
			},
			"attrs": [
				{
					"visibility": false
				}
			],
			"properties": {
				"order": 11,
				"id": 3,
				"prevSize": 32,
				"name": "cabinet",
				"code": 58881
			},
			"setIdx": 0,
			"iconIdx": 2
		},
		{
			"icon": {
				"paths": [
					"M512 64l-512 512 96 96 96-96 64 384h192v-192h128v192h192l64-384 96 96 96-96-512-512zM512 474.508c-49.988 0-90.512-40.52-90.512-90.508s40.524-90.51 90.512-90.51c49.984 0 90.51 40.524 90.51 90.51 0 49.988-40.526 90.508-90.51 90.508z"
				],
				"attrs": [
					{
						"visibility": false
					}
				],
				"tags": [
					"home",
					"house",
					"building"
				],
				"grid": 16
			},
			"attrs": [
				{
					"visibility": false
				}
			],
			"properties": {
				"order": 12,
				"id": 2,
				"prevSize": 32,
				"name": "home",
				"code": 58882
			},
			"setIdx": 0,
			"iconIdx": 3
		},
		{
			"icon": {
				"paths": [
					"M864 0h-768c-52.8 0-96 43.2-96 96v832c0 52.8 43.2 96 96 96h768c52.8 0 96-43.2 96-96v-832c0-52.8-43.2-96-96-96zM832 896h-704v-768h704v768zM256 576h448v64h-448zM256 704h448v64h-448zM320 288c0-53.019 42.981-96 96-96s96 42.981 96 96c0 53.019-42.981 96-96 96s-96-42.981-96-96zM480 384h-128c-52.8 0-96 28.8-96 64v64h320v-64c0-35.2-43.2-64-96-64z"
				],
				"attrs": [
					{
						"visibility": false
					}
				],
				"tags": [
					"profile",
					"page",
					"user",
					"paper",
					"file",
					"document"
				],
				"grid": 16
			},
			"attrs": [
				{
					"visibility": false
				}
			],
			"properties": {
				"order": 13,
				"id": 1,
				"prevSize": 32,
				"name": "profile",
				"code": 58883
			},
			"setIdx": 0,
			"iconIdx": 4
		},
		{
			"icon": {
				"paths": [
					"M734.994 805.374c-18.952-2.988-19.384-54.654-19.384-54.654s55.688-54.656 67.824-128.152c32.652 0 52.814-78.138 20.164-105.628 1.362-28.94 41.968-227.176-163.598-227.176-205.564 0-164.958 198.236-163.598 227.176-32.654 27.49-12.488 105.628 20.162 105.628 12.134 73.496 67.826 128.152 67.826 128.152s-0.432 51.666-19.384 54.654c-61.048 9.632-289.006 109.316-289.006 218.626h768c0-109.31-227.958-208.994-289.006-218.626zM344.054 822.81c44.094-27.15 97.626-52.308 141.538-67.424-15.752-22.432-33.294-52.936-44.33-89.062-15.406-12.566-27.944-30.532-35.998-52.602-8.066-22.104-11.122-46.852-8.608-69.684 1.804-16.392 6.478-31.666 13.65-45.088-4.35-46.586-7.414-138.034 52.448-204.732 23.214-25.866 52.556-44.46 87.7-55.686-6.274-64.76-39.16-140.77-166.454-140.77-205.564 0-164.958 198.236-163.598 227.176-32.654 27.49-12.488 105.628 20.162 105.628 12.134 73.496 67.826 128.152 67.826 128.152s-0.432 51.666-19.384 54.654c-61.048 9.634-289.006 109.318-289.006 218.628h329.596c4.71-3.074 9.506-6.14 14.458-9.19z"
				],
				"attrs": [
					{
						"visibility": false
					}
				],
				"tags": [
					"users",
					"people",
					"group",
					"team",
					"members",
					"community"
				],
				"grid": 16
			},
			"attrs": [
				{
					"visibility": false
				}
			],
			"properties": {
				"order": 14,
				"id": 0,
				"prevSize": 32,
				"name": "users",
				"code": 58884
			},
			"setIdx": 0,
			"iconIdx": 5
		}
	],
	"height": 1024,
	"metadata": {
		"name": "icomoon"
	},
	"preferences": {
		"showGlyphs": true,
		"showQuickUse": true,
		"showQuickUse2": true,
		"showSVGs": true,
		"fontPref": {
			"prefix": "icon-",
			"metadata": {
				"fontFamily": "icomoon"
			},
			"metrics": {
				"emSize": 1024,
				"baseline": 6.25,
				"whitespace": 50
			}
		},
		"imagePref": {
			"prefix": "icon-",
			"png": true,
			"useClassSelector": true,
			"classSelector": ".icon"
		},
		"historySize": 100,
		"showCodes": true,
		"search": ""
	}
}